Model,Accuracy,AUC,Precision,Recall,F1,MCC
Logistic Regression,0.7235011144290595,0.936255553243064,0.7109395984401812,0.7235011144290595,0.7138468586463106,0.5469093890790228
Decision Tree,0.9388656058793663,0.9451711886169536,0.9388560384860974,0.9388656058793663,0.9388590961442232,0.9018675784293675
KNN,0.9284355825581095,0.9838703110491823,0.9282035795354151,0.9284355825581095,0.9282421280070416,0.8848919978950537
Naive Bayes,0.08947273306196914,0.7969954462965172,0.4939779832625105,0.08947273306196914,0.05772255648495189,0.0688227757404189
Random Forest,0.953271430169617,0.9977961787247037,0.9534016359304045,0.953271430169617,0.9530312754596622,0.9248201878555364
XGBoost,0.8681531457879745,0.9862155199278241,0.8683038628295605,0.8681531457879745,0.8674471640522218,0.7871320508030843
